cluster_id,firing_rate,presence_ratio,isi_viol,num_viol,amplitude_cutoff,isolation_distance,contam_rate,l_ratio,d_prime,nn_hit_rate,nn_miss_rate,silhouette_score,max_drift,cumulative_drift,epoch_name_quality_metrics,epoch_name_waveform_metrics,peak_channel,snr,duration,halfwidth,PT_ratio,repolarization_slope,recovery_slope,amplitude,spread,velocity_above,velocity_below
0,6.71766448509077,0.98,1.0,105.0,0.12657125031752012,,1.1388068517424688,0.0,,,,0.025657663098170195,0.0,0.0,complete_session,complete_session,22,0.3925315498071972,1.0850921273031826,,0.7462200626542872,0.0388667652662837,-0.3638003682332111,120.40205039525694,280.0,0.0735821966977743,-0.0114461194863205
1,4.641832338708875,0.99,1.0,24.0,0.5,,1.085650723025584,0.0,,,,0.12688212208544203,7.77,20.13,complete_session,complete_session,8,0.3919465203024571,1.0576214405360134,,0.6575741806627736,0.0700459006249789,-0.0806154447122905,151.81894083969462,300.0,-0.0576308113996556,-0.1373534338358455
2,0.17126353412539108,0.39,0.0,0.0,0.5,41.53662276269141,0.0,0.01054996237174873,2.004974793806315,0.10919540229885058,0.009414225941422594,0.03823872991390555,17.01,0.0,complete_session,complete_session,35,1.9179869665874536,0.5906197654941374,,0.7116841831383443,0.1754658512099209,-0.1195248923069632,142.16056034482762,300.0,0.0817579963308607,-0.0572305974316025
3,8.4686864805452,0.98,1.0,53.0,0.5,48.97603808782875,0.670886075949367,0.36918484045666516,2.7454497623155154,0.9873333333333333,1.0,0.03823872991390555,3.9,9.13,complete_session,complete_session,40,0.4542729979871465,1.0301507537688444,,0.7417373464551993,0.0801046216960468,-0.0811708366900971,144.02785041841005,300.0,-0.1389885937624631,0.0711515535636138
4,0.41339473754404743,0.73,0.0,0.0,0.5,360.1484816375032,0.0,0.009341743946043726,4.401081191991379,0.9666666666666667,0.1358974358974359,0.05715130058769673,6.35,13.91,complete_session,complete_session,48,2.564846116656333,0.5631490787269681,,0.8695175925486445,0.1891423574345627,-0.0258352678177247,87.33816964285717,300.0,0.5951982132886657,-0.5826262459840182
5,0.21850864698756792,0.48,0.0,0.0,0.5,162.3496425971354,0.0,3.649171088121461e-05,6.751577401768591,0.9819819819819819,0.0102880658436214,0.10465965335052904,6.24,9.81,complete_session,complete_session,48,2.466601435267615,0.5082077051926299,,0.8646868841541436,0.2497499176812198,-0.0206796260544287,80.66934121621625,300.0,-1.133165829145729,1.0808139055935415
6,0.1003958648321258,0.31,0.0,0.0,0.5,7.98227928394015e+16,0.0,,4.629696573634097,0.8431372549019608,0.026748971193415638,0.05715130058769673,0.0,0.0,complete_session,complete_session,52,3.875293099998475,0.5768844221105527,,0.8348923101510147,0.2566770111338637,-0.0614185851362662,86.78768382352939,300.0,2.3464544946957004,0.0654063970646885
7,0.06496203018549317,0.21,0.0,0.0,0.27900604206089313,4.610576876986335e+16,1.0,,4.397216313950899,0.7272727272727273,0.01478494623655914,,,0.0,complete_session,complete_session,52,1.858666769373737,0.4532663316582913,,0.8404210719242176,0.2125823825649629,-0.0467612215994708,80.859375,300.0,2.083193746510329,0.22892238972641
8,15.165681228758768,0.99,1.0,412.0,0.5,,1.1123505976095618,0.0,,,,0.13152907204540484,0.0,0.0,complete_session,complete_session,72,0.4455488589377624,1.0576214405360134,,0.8005888548844898,0.022205422381633,-0.5188027075474722,100.31304760514018,300.0,0.17384331851404,-0.0654063970646883
9,1.2726652277248889,0.88,1.0,2.0,0.15883094750939564,185.31392774543053,0.2016806722689075,0.012151555600332733,5.554764455122139,0.9969064191802011,0.045454545454545456,0.15227718775149593,7.8,17.6,complete_session,complete_session,62,0.2551381529055789,0.5768844221105527,,0.90961360949184,0.1526425739338599,-0.0177585380648413,63.23774651972161,280.0,1.013799154502672,0.1471643933955493
10,0.08563176706269554,0.25,0.0,0.0,0.5,1.3203579531309966e+16,1.0,,5.224846320310782,0.9770114942528736,0.0006747638326585695,0.07054408361570358,,0.0,complete_session,complete_session,65,1.7107676854829308,0.4807370184254605,,0.7338026708761629,0.266270056171814,-0.0227591634432478,124.86530172413796,300.0,0.8699050809603575,0.2207465900933236
11,0.07677330840103738,0.22,0.0,0.0,0.5,8456289091149637.0,1.0,,6.328304125095367,0.8589743589743589,0.00011845534233593936,,,0.0,complete_session,complete_session,71,1.2536337051149846,0.3296482412060301,,0.8854209206826889,0.2021026325429753,-0.0599683744118977,56.43028846153845,300.0,3.858977426816622,-2.0030709101060853
12,0.280517857619175,0.46,1.0,1.0,0.5,73.3645369272796,2.3999999999999995,0.008103729009916334,4.033519084535722,0.6982456140350877,0.036776212832550864,0.07054408361570358,12.98,33.99,complete_session,complete_session,74,2.3690201909346635,0.7279731993299833,,0.5471200003601591,0.2658326502874167,-0.0987630525621205,224.21052631578945,300.0,-0.1880433915609793,0.0915689558905638
13,0.10925432349378396,0.28,0.0,0.0,0.5,2.5757343543780016e+16,0.0,,6.526627821140263,1.0,0.0,0.10599372651563754,,0.0,complete_session,complete_session,71,2.1157616048675143,0.4670016750418759,,0.8748597347871,0.2051970207438128,-0.0409087503432653,65.49831081081084,300.0,1.8559065167105369,-2.518146286990508
14,0.9862417309979417,0.75,0.0,0.0,0.5,50.865765235481845,0.04790419161676648,0.03573728558158433,4.574636968108099,0.8483033932135728,0.0011400342010260307,0.14680677641472134,3.44,7.1,complete_session,complete_session,89,0.3921148887879827,0.5906197654941374,,0.8686834445600439,0.2021336134094776,-0.0467055887624411,94.19208458083835,220.0,0.4414931801866474,0.2943287867910985
15,0.8622233097347275,0.82,1.0,4.0,0.5,50.26361520161708,2.0,0.013373063520371254,5.079622604006095,0.95662100456621,0.0003373136342170951,0.1271254500585834,26.63,47.33,complete_session,complete_session,92,0.4468985665150969,1.0576214405360134,,0.730321492608251,0.0405303985278055,-0.5081386478952423,155.46607448630135,300.0,0.0801228364042432,0.0408789981654305
16,11.778797200451466,0.98,1.0,98.0,0.5,203.0259344804612,0.7960731816153502,0.009863120378202025,4.16557216160682,0.992,0.0670995670995671,0.1044661683356606,6.61,16.75,complete_session,complete_session,92,0.448985497688428,1.0438860971524289,,0.7845927862107424,0.0401223158230865,-0.0464170525934382,125.69827154308616,300.0,0.0343383584589615,-0.0572305974316024
17,0.7913556404414622,0.84,0.0,0.0,0.5,,0.0,0.0,,,,0.035706494008857635,13.84,37.11,complete_session,complete_session,94,0.3623260510360699,0.700502512562814,,0.7067196109748303,0.0931468022740486,-0.0169036265916409,69.63910914179104,300.0,1.234115439352149,0.5886575735821966
18,1.8248424843015807,0.87,0.0,0.0,0.17906835631487258,56.0750841462223,0.0,0.011079850429039657,6.4055930688848965,0.968,0.0002678810608090008,0.25889093104901856,1.48,3.14,complete_session,complete_session,95,0.4245395668495496,0.5768844221105528,,0.8187705320947881,0.3035587589598184,-0.0599214475108845,118.74241504854363,200.0,0.5150753768844221,0.274706867671692
19,0.06496203018549317,0.19,0.0,0.0,0.41816138140072867,3.3817910352785372e+16,0.0,,5.722704022207084,0.7424242424242424,0.0,,,0.0,complete_session,complete_session,107,2.887530730485108,0.5082077051926297,,0.8660954801586864,0.1445219549392541,-0.0670582253692743,70.73863636363637,300.0,7.341868070511286,-5.528475711892797
20,1.9990588379808578,0.97,0.279647940563832,1.0,0.5,81.014817170392,1.2413793103448276,0.01397137033619458,4.822434035129312,0.9666666666666667,0.016237745098039217,0.0802696905053916,10.36,22.46,complete_session,complete_session,118,0.3254872408345555,1.071356783919598,,0.7364284039547314,0.0713150951178699,-0.0710695197560088,131.34347304283608,300.0,0.0228922389726408,-0.0305752506826368
21,11.719740809373745,0.99,1.0,185.0,0.5,,0.9568238213399504,0.0,,,,0.12926303551767765,10.18,10.44,complete_session,complete_session,118,0.4134015055413618,1.1262981574539364,,0.7799316808868433,0.0302802048253773,-0.3901600326496438,102.55145392749245,300.0,0.0343383584589616,-0.0446869048438538
22,4.287493992242549,0.99,1.0,35.0,0.5,124.82312815822951,0.8496732026143791,0.05798226017657914,5.276658373061363,0.9913333333333333,0.018055555555555554,0.10080977049993764,3.9,12.43,complete_session,complete_session,113,0.3505521343668154,0.5631490787269681,,0.8913370489998145,0.1276717995758103,-0.0299296946907968,64.47249483471074,300.0,0.6540639706468853,-0.2403685092127302
23,0.09744304527823974,0.24,0.0,0.0,0.5,4576896176884319.0,1.0,,9.611883632470178,1.0,0.0,,,0.0,complete_session,complete_session,127,1.5160899890713877,0.4670016750418759,,0.8426435468067898,0.2480197004143729,-0.0289195746853927,76.13636363636368,300.0,-0.2207465900933236,-0.0801228364042435
24,1.6210979350834431,0.89,1.0,14.0,0.04955891015404064,253.5111870800212,1.2878048780487805,0.0033578957458196505,6.130048869747529,0.9993333333333333,0.013100436681222707,0.06820170273115672,8.45,26.69,complete_session,complete_session,138,0.3692886326659234,0.865326633165829,,0.5959372356339162,0.1124912947494068,-0.1221366771354127,196.08948087431696,300.0,0.0490547977985164,-0.1259073143495255
25,5.058179895806809,0.99,0.06748264749306454,2.0,0.5,,0.5834502103786818,0.0,,,,0.06820170273115672,6.45,19.35,complete_session,complete_session,137,0.3749148511819504,1.0988274706867671,,0.7747487851295841,0.0516524064449844,-0.0492341087653735,114.17645128354724,280.0,-0.0245273988992583,-0.1259073143495253
26,12.257153968181006,0.99,1.0,138.0,0.5,,0.8709526044110745,0.0,,,,0.12485724689346599,8.41,5.18,complete_session,complete_session,141,0.3753514880607814,0.9889447236180906,,0.8028207781345295,0.0354465118688391,-0.3587443091809776,98.14981949458485,300.0,-0.2164809555021483,1.807003620809174e-16
27,0.7441105275792853,0.75,1.0,1.0,0.5,65.5079659142648,0.30188679245283023,0.013702567345041092,6.297386728758324,0.9867724867724867,0.0,0.1629976438205193,4.11,15.26,complete_session,complete_session,146,0.3030249506631254,0.4532663316582914,,0.8988798564100116,0.1295392418806933,-0.0223519789242695,71.3076636904762,220.0,0.5068995772513362,0.2060301507537688
28,0.15354661680207476,0.34,1.0,1.0,0.5,53.53242522093869,8.0,0.0033500188640944017,2.5391654511859243,0.17307692307692307,0.009489302967563838,,0.0,0.0,complete_session,complete_session,149,3.5063101621145347,0.5768844221105528,,0.8317375128994069,0.1979583097209258,-0.0578997877573859,107.90264423076924,300.0,0.1136005843755117,0.0245273988992582
29,1.178175002000535,0.86,1.0,6.0,0.5,35.849148732255514,1.4117647058823533,0.12746575320216957,1.6896126968838037,0.40350877192982454,0.05113840407958055,0.024173182956893625,10.24,32.92,complete_session,complete_session,155,0.3031401562171977,0.5219430485762143,,0.8832573389330277,0.1089461325579087,-0.0070843626190128,70.91165413533832,300.0,0.22892238972641,-0.1979869316552735
30,0.05315075196994895,0.16,0.0,0.0,0.5,,1.0,0.0,,,,0.09409516053653726,,0.0,complete_session,complete_session,161,4.9122993497367,1.7306532663316585,,0.8494047873249919,0.0297610003366257,-0.3602771992317408,115.36458333333336,300.0,0.2861529871580123,-0.5847474085402862
31,0.06791484973937922,0.21,0.0,0.0,0.38355985556034117,2470960269861364.0,0.0,,4.667440859790858,0.5217391304347826,0.0007866273352999017,,,0.0,complete_session,complete_session,161,4.95547551133115,0.5631490787269682,,0.8573521203033365,0.1617875527163511,-0.0573743403812458,101.80027173913044,300.0,0.3548297040759354,-0.2338989634161144
32,0.22146146654145396,0.44,1.0,1.0,0.5,70.11400967869876,14.228571428571428,0.0006644214978987794,4.071781930897424,0.48,0.0012294785564475302,0.06546851827112159,11.84,21.1,complete_session,complete_session,161,4.131610914638844,1.9778894472361808,,0.8962941666407755,0.1419371730683437,-0.1057164194564773,80.40625,300.0,0.1030150753768845,-0.2388755371058188
33,9.573040993698584,0.99,1.0,105.0,0.5,173.19053814826327,1.0033178500331785,0.016545243371330783,4.2400824358488185,0.986,0.08798017348203221,0.08801605590707284,6.73,16.34,complete_session,complete_session,173,0.3908463791155033,1.071356783919598,,0.7225237805379549,0.0419035284547529,-0.0670786290969081,127.85719790382244,300.0,-0.0572305974316024,-0.0654063970646885
34,0.838600753303639,0.85,1.0,6.0,0.5,,2.8888888888888897,0.0,,,,0.1181651989109341,62.88,60.24,complete_session,complete_session,162,0.3940673252383366,1.1949748743718591,,0.7285324523852291,0.0241458622518121,-0.1379871559162188,141.31822183098592,300.0,0.1635159926617213,-0.2518146286990509
35,0.0501979324160629,0.14,0.0,0.0,0.5,8615758786064575.0,1.0,,2.9029317287456142,0.21568627450980393,0.001299545159194282,,,0.0,complete_session,complete_session,161,3.772736871124831,2.0190954773869345,,0.8825338129439824,0.0652313327785595,-0.0931577895001217,94.71507352941175,300.0,0.1945840312674483,-0.5474231058675016
36,0.12106560170932817,0.29,0.0,0.0,0.0063117688295392,334831136485450.06,1.0,,6.146714210385468,0.8861788617886179,0.0,,0.0,0.0,complete_session,complete_session,161,2.8959606107135856,1.7031825795644893,,0.828641280512475,0.0441010151157784,-0.1489338421356123,116.27286585365852,300.0,1.098827470686767,-1.9682348942781545
37,0.23622556431088423,0.44,0.0,0.0,0.5,95.01149284895463,0.0,0.00013496427687218133,4.830104558547969,0.8916666666666667,0.00205761316872428,0.1358184055559888,7.21,5.56,complete_session,complete_session,165,2.775013825764294,0.398324958123953,,0.8648319025944201,0.1978988634049663,-0.0108028005550161,92.138671875,300.0,-0.3760867831219588,0.4165354760435426
38,0.06791484973937922,0.2,0.0,0.0,0.5,2932822560932422.5,1.0,,7.013124928036806,0.8695652173913043,0.0,,,0.0,complete_session,complete_session,165,3.594312054667884,0.4670016750418761,,0.8617142826015372,0.1853775127054549,-0.0376857545937168,78.26086956521738,300.0,1.2999521416606843,-3.548297040759352
39,0.30709323360414953,0.56,0.0,0.0,0.5,44.9346206327785,0.0,0.01588475178417499,2.645664932877849,0.28525641025641024,0.010963124037328985,0.053681001302356764,19.45,36.66,complete_session,complete_session,182,1.7145694810890892,0.6318257956448912,,0.8983243469994571,0.0705859272207608,-0.0133649197319615,51.607572115384585,300.0,0.1910116755042018,0.515075376884422
40,0.1003958648321258,0.27,0.0,0.0,0.0076112506473852695,2290896378363406.0,1.0,,3.8383954971341745,0.2549019607843137,0.002120206489675516,0.07588926858222114,0.0,0.0,complete_session,complete_session,170,2.598710902192264,1.8130653266331656,,0.951417842215156,0.0496694145554362,-0.019921266047853,83.89246323529414,300.0,-0.1798675919278933,-0.2403685092127304
41,6.871211101892845,0.99,1.0,80.0,0.5,55.3673697827682,0.9292307692307692,0.06663850736362173,4.432995429247181,0.9693333333333334,0.02278574053656744,0.13010994685043648,3.8,12.01,complete_session,complete_session,181,0.3783992341589695,0.5494137353433837,,0.893722190016988,0.12910936310216,-0.0268182806805136,70.72628060567013,300.0,0.4169657812873892,-0.2632607481853714
42,0.04724511286217685,0.15,0.0,0.0,0.5,1092465629337696.1,1.0,,4.244184426223251,0.2708333333333333,0.0009479122233281199,,,0.0,complete_session,complete_session,184,2.9431742935165475,0.3433835845896147,,0.90066226706152,0.0598419404077277,-0.0627575764324573,83.7890625,300.0,2.163316582914572,-1.5206987317540075
43,4.296352450904207,0.98,1.0,39.0,0.5,74.0008567690858,1.4162162162162164,0.011135950865675514,3.3148026242347446,0.9593333333333334,0.018976897689768978,0.09811077445709838,3.82,7.45,complete_session,complete_session,191,0.3928325347526842,1.071356783919598,,0.7160130126614005,0.0637869644957345,-0.1083402967096179,145.98536229395603,300.0,0.0817579963308607,1.4117215787571672e-19
44,8.143876329617735,0.99,1.0,100.0,0.5,77.87035959716299,0.957882069795427,0.019380996819903844,2.0001045534573922,0.9626666666666667,0.041025641025641026,0.05414500605386236,3.79,7.23,complete_session,complete_session,188,-1.0,1.9229480737018425,,0.9971385213815772,0.0021425570408919,-0.0007740919214102,80.69887907608694,200.0,0.0588657573582193,-0.3433835845896143
45,0.0944902257243537,0.26,0.0,0.0,0.5,,0.0,0.0,,,,0.053681001302356764,,0.0,complete_session,complete_session,185,3.019295007759598,1.4834170854271356,,0.8571610752708659,0.0329575002929682,-0.0388629854337282,133.8134765625,300.0,-0.5150753768844221,-0.3515593842227011
46,0.1003958648321258,0.23,0.0,0.0,0.2551565942028318,533291703947763.94,1.0,,4.82386865791167,0.6666666666666666,0.00012012012012012012,0.05414500605386236,0.0,0.0,complete_session,complete_session,192,4.166132041977878,0.4532663316582914,,0.7144449555203526,0.3971798173291808,-0.0850610456325154,143.93382352941182,300.0,-0.1716917922948071,0.1716917922948073
47,0.7441105275792853,0.59,1.0,1.0,0.197179699741472,50.53495731537907,0.24242424242424243,0.004161724982897169,5.175208012000903,0.9166666666666666,0.0015581784893459545,0.11823611917663394,4.83,7.19,complete_session,complete_session,189,0.2216827912963207,0.5631490787269682,,0.91813292212098,0.0529916364112288,-0.020507193756971,72.34002976190476,200.0,0.654063970646885,-0.137353433835846
48,0.04429229330829079,0.14,0.0,0.0,0.5,359986675000512.0,1.0,,3.5663252539772863,0.044444444444444446,0.0006443787430824047,,,0.0,complete_session,complete_session,189,2.7545691809826067,0.4807370184254605,,0.8462311480548326,0.1901371417307859,-0.0695525999742697,97.96875,300.0,-0.4807370184254605,1.5942809284517825
49,0.05610357152383501,0.18,0.0,0.0,0.013620132737425036,2209204426174080.0,1.0,,3.8711561161545487,0.08771929824561403,0.0009499253630071922,,,0.0,complete_session,complete_session,192,3.867762817849492,0.4807370184254605,,0.8952454868095024,0.144368826460285,-0.0268810068018348,74.38322368421052,300.0,0.4006141820212169,-2.0603015075376883
50,3.502043990908859,0.99,1.0,15.0,0.5,56.64930942037506,0.6436781609195403,0.028441842225643672,2.3178660922649392,0.892,0.0254053363972935,0.07339083940039014,5.18,15.16,complete_session,complete_session,195,0.3029612990368707,0.5906197654941373,,0.8948744661349884,0.1117633762128946,-0.0307428706243838,91.95562816188874,220.0,-0.1226369944962908,0.0588657573582195
51,0.0944902257243537,0.25,0.0,0.0,0.36734568102706144,1584549926807875.8,0.0,,2.9002189317356497,0.125,0.00022802937018287956,0.07754363761457457,,0.0,complete_session,complete_session,193,1.8206140140303249,0.7005025125628139,,0.780753681528312,0.1458206989951294,-0.0217944156361615,135.7177734375,300.0,0.0686767169179228,-0.0735821966977744
52,0.07382048884715132,0.2,0.0,0.0,0.5,3181926926114908.5,1.0,,6.386243349657188,0.88,0.00044863167339614175,,,0.0,complete_session,complete_session,200,1.5096290936102017,0.467001675041876,,0.7918810136846999,0.2143957477648868,-0.0883287367135482,96.1875,300.0,-0.5951982132886654,-1.9308290084301285
53,6.375137416839989,0.99,1.0,49.0,0.5,65.80536445852395,0.5172630257376021,0.031169925546414075,3.630580965930427,0.9546666666666667,0.018393898609241812,0.07339083940039014,0.92,1.9,complete_session,complete_session,195,0.4027728744952372,0.6318257956448912,,0.9259322989787836,0.061725157345895,-0.0108706600524896,113.89322916666669,160.0,0.0588657573582194,0.4807370184254612
54,4.99026504606743,0.99,1.0,17.0,0.5,54.470197735536765,0.3566121842496285,0.07692209781611885,3.1502740710692523,0.836,0.046335130816856404,0.05656783878730346,0.92,2.96,complete_session,complete_session,197,0.4477510527948553,1.964154103852596,,0.9661761736178828,0.0303084467607068,-0.0322322861298909,83.47078402366861,140.0,0.0490547977985164,
55,8.075961479878355,0.99,1.0,102.0,0.5,91.0350985282275,1.065989847715736,0.061928640237729024,3.2061317844509984,0.9266666666666666,0.08580466587584025,0.05656783878730346,3.59,6.21,complete_session,complete_session,199,0.4285515113478636,0.6180904522613064,,0.9129088164573276,0.0868050898697745,-0.0202873554260387,90.14956825657896,260.0,-0.171691792294807,0.0981095955970328
56,6.942078771186111,0.99,1.0,30.0,0.5,,0.7514792899408284,0.0,,,,0.12814618905710373,8.87,15.7,complete_session,complete_session,208,0.3842625712893207,1.0988274706867671,,0.7392813546343043,0.0243072538299596,-0.2288457436050876,101.5525350765306,300.0,-0.0572305974316022,-0.3270319853234426
57,0.6466674823010456,0.72,1.0,1.0,0.5,68.25897174170855,0.27586206896551724,0.0027441041637059132,4.117232497617875,0.8995433789954338,0.0026066501366901903,0.12096514118917,10.78,21.37,complete_session,complete_session,205,2.8357627470866595,0.5494137353433837,,0.8487850425790693,0.1486144345668695,-0.0484901003947447,85.10273972602738,300.0,0.1602456728084868,-0.1144611948632048
58,8.5956577213623,0.99,1.0,35.0,0.5,155.73187450562523,0.8606841844323252,0.0019097956549604133,4.036801077875564,0.998,0.026727181038830056,0.09850742738926072,2.54,5.09,complete_session,complete_session,209,0.4100978255142223,1.140033500837521,,0.813734609264366,0.0253835829350637,-0.0560675584259249,112.0703527291452,300.0,-0.045784477945282,-0.0163515992661721
59,2.2470956805072864,0.91,1.0,2.0,0.15689138426031093,54.301054997776866,0.07038123167155426,0.044948921967920705,4.198760281515507,0.9673333333333334,0.0030099759201926385,0.1581302869049542,1.52,4.04,complete_session,complete_session,210,0.4168190430380943,0.4807370184254605,,0.7576481548194879,0.4239835544589672,-0.0812306600926422,142.72544349540078,240.0,0.0735821966977745,-0.9320411581718115
60,0.7706859035642598,0.75,1.0,1.0,0.5,63.16178833942634,0.6400000000000001,0.008473041439747525,2.2858212759241794,0.5312899106002554,0.01649678111587983,0.01259091408184435,18.39,37.83,complete_session,complete_session,213,0.2723094811302806,0.5494137353433837,,0.9080045227798376,0.0754517032045554,-0.0152464270873447,75.9069683908046,280.0,0.1471643933955489,-0.7325516471245115
61,0.19488609055647949,0.37,0.0,0.0,0.5,76.49863127094996,0.0,0.00038785042917414964,4.416452216400777,0.3383838383838384,0.002566715736232212,0.024180881915930194,1.6,2.52,complete_session,complete_session,213,2.733793045622776,0.8515912897822446,,0.9583370243274856,0.0121054753117802,-0.00322456668016,73.11789772727275,300.0,3.352077849565287,1.3277498604131772
62,0.9065156030430183,0.64,0.0,0.0,0.1502045491651073,57.977727619770185,0.0,0.004512704244521079,2.9208792334945213,0.786723163841808,0.005564659292639628,0.04393542636003941,4.26,13.46,complete_session,complete_session,215,0.2186505999936134,0.5356783919597988,,0.9509878815367164,0.0530083179681463,-0.0058593961385342,130.53236970684037,140.0,-0.1407309772908256,
63,3.4843270735855425,0.98,1.0,28.0,0.5,56.209332654083276,0.9062499999999998,0.014856908810501075,2.967833671162381,0.9133333333333333,0.008034217675278886,0.08323319050965026,3.1,4.72,complete_session,complete_session,221,0.3077387141845762,0.6455611390284757,,0.7619432690127317,0.1776523326891439,-0.0770064683512822,118.60963983050846,300.0,-0.2478777468375139,0.0572305974316021
64,1.8661819580559855,0.79,0.0,0.0,0.06000507725744675,57.64337019406856,0.0,0.00381047478574363,5.066804920289924,0.966,0.0016835016835016834,0.08679633456514169,6.88,14.62,complete_session,complete_session,215,0.3212632443897726,0.535678391959799,,0.9321125190444458,0.0652462519450223,-0.0130908319066839,110.67172666139236,140.0,-0.3912321168684954,
65,2.737263726452371,0.57,0.0,0.0,0.010596191148990769,81.59342200430298,0.02666666666666667,0.0015121643057420756,7.046636944978738,0.988,0.0015610651974288339,0.24376049688433363,0.87,2.68,complete_session,complete_session,217,0.4682865195063136,0.8378559463986599,,0.9317194077145022,0.0549429881375584,-0.0118662834977603,187.5809061488673,140.0,-0.1667152186051025,
66,0.1063015039398979,0.23,0.0,0.0,0.23419893030919,650414861008908.0,0.0,,3.9079806448777483,0.13580246913580246,0.0018048731575253183,0.04393542636003941,0.0,0.0,complete_session,complete_session,218,1.8298887532691583,0.4257956448911222,,0.8738972948956328,0.1809302728552375,-0.0044224158126109,138.15104166666669,280.0,0.7554438860971524,-0.9929163891747894
67,0.03838665420051869,0.11,0.0,0.0,0.5,689406852773127.9,0.0,,5.688199335268605,0.25925925925925924,0.0005338137657224835,,,0.0,complete_session,complete_session,221,4.8546624775756175,1.0576214405360134,,0.946800652095517,0.041966442660741,0.0047683590959252,68.3293269230769,300.0,-1.419318816303741,0.7848767647762624
68,2.167369552552363,0.95,1.0,4.0,0.5,39.94440325074864,0.3783783783783784,0.03214776854984261,1.9405723852419967,0.5733333333333334,0.029587315537002452,0.03120904899744938,4.26,7.92,complete_session,complete_session,221,0.3674022704521952,0.5494137353433837,,0.9305608979897216,0.0687755580774301,-0.0135986276772046,87.66072036784743,200.0,-0.1808049447520689,-0.6867671691792303
69,0.02952819553886053,0.09,0.0,0.0,0.02587825220111082,457732871218392.94,1.0,,7.040414333647945,0.5714285714285714,3.335668301144134e-05,0.10488379404941607,,0.0,complete_session,complete_session,221,3.560417235863751,0.0824120603015077,,0.9131814725151324,0.2363073676318033,,64.21875,300.0,-2.4036850921273034,2.5917284836882826
70,16.701147396779515,0.99,0.0817168662590329,26.0,0.3840640316759831,106.99190513011563,0.0767350009403799,0.0022521747714003694,4.648171650655112,0.9833333333333333,0.0215633423180593,0.08738617849660782,1.78,3.65,complete_session,complete_session,224,0.4380663408853481,0.2884422110552763,,0.9014367479018548,0.172326889372785,-0.0058800368435854,120.77395943796392,180.0,-0.0981095955970329,-0.206030150753769
71,7.884028208875762,0.99,1.0,71.0,0.5,43.80557183723303,0.7764866712235134,0.06666001748147994,2.16568415837703,0.8346666666666667,0.028053369825521726,0.03120904899744938,3.47,4.61,complete_session,complete_session,224,0.4232619887098743,0.604355108877722,,0.8747052861336874,0.1096579657673558,-0.0279083339005191,115.72068117977528,180.0,-0.2256520698731752,-0.274706867671692
72,0.06791484973937922,0.19,0.0,0.0,0.5,227201967596994.0,1.0,,3.229027461004698,0.5277777777777778,0.0001668669069550127,0.07260645926872265,,0.0,complete_session,complete_session,224,2.962950526129793,0.5356783919597989,,0.8595183139035764,0.160691947396559,-0.0503342216598139,129.41576086956525,300.0,-0.4096505921419964,1.528874531387094
73,2.066973687720237,0.5,0.0,0.0,0.00036968931715873713,82.17078919634235,0.12371134020618557,0.00019588383278851786,6.988359968948079,0.9732824427480916,0.00020538098172109262,0.22049034118324154,5.05,2.73,complete_session,complete_session,228,0.4595778213316463,0.6043551088777219,,0.8406096067333416,0.168818770982381,-0.0224327268971025,234.27120535714283,100.0,-0.2747068676716916,
74,4.263871435811461,0.84,0.09820194251578818,2.0,0.00017921227286086074,113.06166220479614,0.020062695924764888,5.475739746604406e-06,7.596851994141867,0.9926666666666667,0.0,0.2637314755722197,0.69,1.35,complete_session,complete_session,226,0.5048419427061458,0.5494137353433837,,0.8321299251483525,0.1674388531000874,-0.0282320589867692,335.51008483379496,140.0,-0.245273988992582,
75,5.896780649110448,0.99,1.0,37.0,0.07039400118418417,63.54072603781054,0.6006006006006006,0.008599674736778447,4.053626677910779,0.946,0.007329994919805501,0.056488290304098465,3.12,6.68,complete_session,complete_session,227,-1.0,0.3708542713567839,,0.9947914082461042,-0.0001032422553942,-0.0024606166610548,174.86627252252254,140.0,-0.0588657573582195,
76,0.9626191745668533,0.89,1.0,2.0,0.5,64.52038779166813,0.8205128205128206,0.0024700414230503544,3.4867495812188767,0.6884531590413944,0.0038251921058867337,0.017039051466631427,8.95,23.7,complete_session,complete_session,233,0.231831712575116,0.467001675041876,,0.9075882047025282,0.1323661149800598,-0.0349603444358544,131.22843174846622,160.0,0.0735821966977746,-0.3433835845896151
77,7.946037419507369,0.99,1.0,90.0,0.5,51.46957433289545,0.5433102887352581,0.04452535763186037,2.083805998875752,0.8573333333333333,0.019539427773900907,0.08557732910180758,2.81,9.34,complete_session,complete_session,232,0.4313801075722781,0.5631490787269681,,0.7727566437645318,0.26399757117254,-0.0487400120146254,147.01609531772573,220.0,0.1962191911940657,-0.1962191911940657
78,0.7706859035642598,0.71,0.0,0.0,0.1642453754561134,27.771988379943345,0.0,0.12661697533908414,3.165527524168796,0.5454545454545454,0.0013526766088397416,0.1277209849874521,4.67,8.21,complete_session,complete_session,232,0.4787351548673272,0.5494137353433836,,0.6665351713649434,0.3854545348416602,-0.065425307593274,268.3548850574713,220.0,-0.0408789981654304,-0.1569753529552526
79,9.862417309979417,0.99,1.0,58.0,0.27122482847411367,74.87137216866655,0.36069364161849704,0.011448712847803444,3.251515676887877,0.9533333333333334,0.015082956259426848,0.11425164579355163,2.93,4.41,complete_session,complete_session,232,0.450862963741565,0.5906197654941374,,0.9081441734572784,0.0884292244914578,-0.0112500986481973,150.02245508982037,160.0,0.1062853952301189,1.3735343383584575
80,9.502173324405318,0.99,1.0,64.0,0.012563925031325808,72.65984569634465,0.3382887347208457,0.014390589320849656,3.5615005910825577,0.9486666666666667,0.018856665473206826,0.08557732910180758,4.13,10.0,complete_session,complete_session,233,0.463990671625728,0.5082077051926297,,0.819665132733312,0.2591958822610923,-0.0453517552098471,208.81502329192543,140.0,0.0981095955970328,-0.3433835845896151
81,8.631091556008933,0.99,1.0,88.0,0.5,57.82540031415952,0.6065116279069768,0.02865705492469695,3.113055012070345,0.944,0.014746911119968115,0.10430036391985376,4.33,6.83,complete_session,complete_session,236,0.4649568900485722,0.5356783919597988,,0.8724154714105177,0.1239227909128974,-0.0149218916456826,124.18028846153844,160.0,0.0392438382388132,0.1373534338358463
82,0.19193327100259344,0.37,0.0,0.0,0.5,51.503241577761706,0.0,0.0004986913126147676,3.880809863303337,0.2564102564102564,0.0006684045184145445,0.08615734771236461,6.23,6.23,complete_session,complete_session,240,2.540537769496156,0.5768844221105527,,0.6954007387409076,0.4743729786895186,-0.0570156518511332,180.90144230769232,280.0,-0.1487995533221663,0.2943287867910981
83,1.1338827086922443,0.79,1.0,1.0,0.0006739128177372435,37.20363654767974,0.03404255319148936,0.021283188522737858,3.5619523829034323,0.609704641350211,0.0035561877667140826,0.03906193306374625,3.76,6.12,complete_session,complete_session,240,0.4407673510119582,0.5356783919597989,,0.8093693243463721,0.2755405478949195,-0.0634211485583659,193.292236328125,180.0,0.0735821966977746,0.0686767169179224
84,0.06791484973937922,0.2,0.0,0.0,0.5,2007043894577696.0,1.0,,4.4227129322817635,0.4444444444444444,0.00016681680178827612,0.03628776999320982,,0.0,complete_session,complete_session,244,4.204264954603526,1.0850921273031824,,0.8005368368551102,0.3571196792608797,-0.0519304581491564,123.30163043478262,300.0,-0.3270319853234423,1.2132886655499715
85,0.0944902257243537,0.28,0.0,0.0,0.00808695381284782,2037302865866768.0,1.0,,4.479520307126604,0.23076923076923078,0.00040052067687994393,0.045236736917196554,,0.0,complete_session,complete_session,244,4.5044110765416505,0.5768844221105528,,0.8107021320024873,0.3590575672496651,-0.0189914515155471,136.81640625,300.0,-1.635159926617213,1.007258514796203
86,5.91745038598765,0.97,1.0,33.0,0.3758196708998173,66.6266718572356,0.3351817621688231,0.010536470086981723,2.7906728022974363,0.9233333333333333,0.008356545961002786,0.06147913879477569,6.23,13.02,complete_session,complete_session,242,0.3814424100724345,0.631825795644891,,0.8612382347273816,0.1414174506416884,-0.0360577501123134,172.64806324850298,180.0,0.0,0.9614740368509208
87,0.1889804514487074,0.4,0.0,0.0,0.5,63.185186041526805,0.0,0.000309387304325726,3.3362522148834124,0.09722222222222222,0.0004677893611333868,0.03618027558371686,2.48,0.0,complete_session,complete_session,242,3.301088744075105,0.83785594639866,,0.6760367422508383,0.2239773363793232,-0.0715272278954863,240.85693359375,300.0,0.0343383584589613,0.3679109834888729
88,2.0905962441513255,0.9,0.0,0.0,0.027070597669391065,75.22157519323632,0.0,0.0005248628788499696,6.618283601616067,0.988,0.00021486892995272884,0.11836974652262731,2.11,3.32,complete_session,complete_session,241,0.4552382793511346,0.5082077051926298,,0.8969701331605442,0.1327744606101611,-0.033942180474786,242.33646716101697,140.0,-0.1062853952301185,
89,0.05905639107772106,0.16,0.0,0.0,0.012939126100557561,571279300149880.0,1.0,,3.5708400005795924,0.16666666666666666,0.00016680010675206833,0.013443274446586252,,0.0,complete_session,complete_session,243,2.1151119405764818,0.4257956448911221,,0.8807386660708547,0.1231175508163644,-0.0401007905762432,109.3359375,280.0,-0.2043949908271517,-2.9105846693786392
90,7.751151328950889,0.99,1.0,28.0,0.5,65.46713573055264,0.3153284671532846,0.0057735164709746415,3.1550010642916435,0.9806666666666667,0.004869512287909914,0.03628776999320982,3.35,4.29,complete_session,complete_session,244,0.4267758716462803,0.6043551088777218,,0.8869433273891402,0.1129091279307666,-0.0241744538663594,155.5955357142857,200.0,-0.2698013878918398,1.7169179229480735
91,3.4105065847383913,0.81,0.16596452566214315,2.0,0.010398184278472273,102.33760293360163,0.025945945945945945,3.266514138834125e-05,7.0059529491139,0.996186117467582,0.00013942626093624733,0.3189010523162813,1.33,2.51,complete_session,complete_session,245,0.6147973924381791,0.5906197654941373,,0.8736809575032203,0.1312146539506515,-0.0281256089590976,376.755785034602,100.0,-0.4120603015075376,
92,0.07086766929326527,0.2,1.0,1.0,0.5,1361094781463991.8,1.0,,3.937484428219083,0.7647058823529411,0.00023373067548165214,,,0.0,complete_session,complete_session,243,4.093264601261801,0.7554438860971525,,0.5869824147979331,0.1855832261925973,-0.071430374411216,240.13671875,280.0,0.1226369944962911,0.0899337959639465
93,33.765491598687014,0.99,0.0028323913250413724,4.0,0.0009337581397402265,298.8801344437304,0.0041854934601664685,0.00045501659942505894,6.841785456569524,0.9993333333333333,0.0027188689505165853,0.07779867917293222,0.72,1.06,complete_session,complete_session,246,0.4830760015042411,0.3296482412060301,,0.913364550727114,0.1142662374337648,-0.0223330881426937,269.5927334732424,120.0,-0.0981095955970327,
94,6.2629302737923185,0.98,1.0,42.0,0.5,81.98524694059641,0.40697674418604646,0.003692072639325236,3.211148836713677,0.95,0.003352988784830616,0.09606081136020904,10.63,15.31,complete_session,complete_session,252,0.4145905066026438,0.5356783919597989,,0.7813872780700918,0.2232149659271997,-0.0570358871297805,143.51573550212163,220.0,-0.1765972720746592,0.0098109595597034
95,2.158511093890705,0.82,0.0,0.0,0.02422301783750584,83.0193688351465,0.020050125313283207,0.0007147065556128446,4.8967679299073055,0.9620098039215687,0.0007195723684210526,0.09297983253383331,1.89,3.38,complete_session,complete_session,249,0.4319141512273668,0.4807370184254607,,0.8449855781014295,0.2342271747516621,-0.0366487149366444,193.20707934336525,140.0,-0.1226369944962906,-0.6867671691792302
96,1.1515996260155608,0.47,0.0,0.0,0.03143115603675706,74.63969540878563,0.0,0.00021674425401868607,5.124155057163643,0.9800399201596807,0.0004745923590630191,0.1456125839642905,1.09,2.79,complete_session,complete_session,250,0.6126236277359589,0.4944723618090451,,0.7935186832150963,0.2697123741171971,-0.057925462848729,347.1875,100.0,0.0686767169179227,0.0
97,0.05905639107772106,0.19,0.0,0.0,0.01293912610055504,991376846751975.9,0.0,,3.6714744603882585,0.35294117647058826,3.339009649737888e-05,0.08116669174117358,,0.0,complete_session,complete_session,252,5.473467379105049,0.8927973199329983,,0.8434955493125345,0.1126442662436975,-0.0648088001285855,156.9140625,300.0,-0.5011544207524107,0.5396027757836803
98,10.798461108561296,0.99,1.0,198.0,0.5,,1.1872554499720513,0.0,,,,0.11832052651332367,6.19,7.48,complete_session,complete_session,255,0.43470498025887,1.0301507537688444,,0.7348792078847859,0.0332493135869631,-0.5138296592792806,106.07325819672128,300.0,-0.068676716917923,-0.0327031985323441
99,2.672301696266878,0.87,0.12949932133015496,1.0,0.004419889502762485,53.031347963449505,0.03950617283950617,0.0075411697440206146,3.8799467521365343,0.946,0.0034884788396217755,0.09120400665977535,5.72,9.29,complete_session,complete_session,252,0.4301431648722872,0.5219430485762144,,0.856251487255174,0.163780314763403,-0.0341785502205803,141.06785220994476,140.0,-0.2747068676716914,0.3433835845896151
100,0.07677330840103738,0.23,0.0,0.0,0.5,345420121204487.3,0.0,,3.4250204268586746,0.2037037037037037,0.0004007212983370066,0.04102618773030168,,0.0,complete_session,complete_session,255,2.7391708629313984,0.4257956448911221,,0.7837421829779577,0.2795449168208614,-0.0444807698592221,162.07932692307696,300.0,-0.7096594081518705,0.9075137592725532
101,9.629144565222418,0.99,0.2757048707014571,23.0,0.2452956929254711,86.73577705712282,0.124383769434964,0.0008470186543100519,5.642644030080257,0.9906666666666667,0.0012559658377292139,0.1491221190646723,1.49,4.6,complete_session,complete_session,256,0.3483631240735844,0.7966499162479063,,0.9154577546346306,0.0308629659350883,-0.0179973407371975,39.47323069852939,300.0,-0.0114461194863205,1.5125229321209224
102,0.07086766929326527,0.18,0.0,0.0,0.010782605083795348,916492323307175.9,1.0,,3.347367521465609,0.2,0.0002669336002669336,,,0.0,complete_session,complete_session,256,2.368336993057348,1.524623115577889,,0.8817895168786821,0.0559037864812664,-0.0171582579180366,99.609375,300.0,-0.3891680625348969,-5.306093961872856
103,1.677201506607278,0.77,0.0,0.0,0.006229972703057751,178.97428503906698,0.0,4.038964905224431e-15,12.440493520694623,0.987736900780379,0.00010308215647871353,0.3320049302335054,1.15,2.04,complete_session,complete_session,258,0.6683512666459298,0.5082077051926298,,0.927505098784367,0.0699322111110894,-0.0185915087948975,100.57493397887322,180.0,0.1676989599158579,3.7772194304857623
104,0.5226490610378314,0.63,1.0,1.0,0.5,88.41624705411672,0.6153846153846154,0.0003125692048753629,6.294895111822508,0.8207885304659498,0.002758991958547828,0.018565494587391724,11.34,20.29,complete_session,complete_session,254,3.5859201063019297,0.3983249581239531,,0.9627583538774472,0.0369608789815537,-0.0238033821154199,64.2876059322034,300.0,1.4639368107344932,-6.090970726649118
105,6.496203018549316,0.99,1.0,22.0,0.011370409452381868,87.6148813194367,0.20055710306406682,0.006433218882161916,4.834352377143615,0.9486666666666667,0.00657632522917497,0.015292010279653077,2.98,7.4,complete_session,complete_session,259,0.4418239130698276,0.4395309882747067,,0.9345876288167484,0.0873577803277249,-0.0060687828814433,180.6188266348774,160.0,0.022892238972641,
106,4.4882857219068,0.99,1.0,7.0,0.5,51.17251131307464,0.16026711185308845,0.01209484986393245,3.027729764128438,0.8946666666666667,0.00898069151324652,0.05854364651917121,2.89,5.4,complete_session,complete_session,259,0.340554345846827,0.6730318257956448,,0.9578427083941798,0.0336162239928654,-0.0006274370149631,61.19654605263162,300.0,-0.1030150753768843,1.021974954135758
107,10.287623325739009,0.95,1.0,76.0,0.0026375864984694492,100.04239917849122,0.2700939957797813,0.000257622408017493,6.979415325055543,0.9966666666666667,0.0002521432173474534,0.17760245100895655,2.93,8.07,complete_session,complete_session,261,0.616346523071213,0.6730318257956449,,0.9460679465748348,0.0408695455777666,-0.0025177408626481,221.5852827210104,140.0,0.277977187524926,
108,1.7746445518855178,0.71,0.0,0.0,0.04946438131012381,55.62838548548,0.0,0.0032888839897792363,4.4836808470456715,0.9171717171717172,0.00149127266564989,0.08319121306041975,2.52,8.26,complete_session,complete_session,263,0.4453606961255758,0.6592964824120604,,0.9526988776652416,0.030800740083768,-0.0039253351795553,233.81733569051573,140.0,-0.0327031985323441,
109,5.893827829556562,0.99,1.0,31.0,0.07834727904250396,52.275084698021274,0.3673469387755102,0.017780018848612234,2.7978670912822077,0.766,0.02496272630457934,-0.003155636210735752,2.44,3.81,complete_session,complete_session,267,0.4768393719792811,0.700502512562814,,0.9611937184026847,0.0168922416071611,-0.0063446600103526,110.60480335671348,140.0,-0.0654063970646885,
110,0.19488609055647949,0.25,0.0,0.0,0.2443227260301983,142.16869734530067,0.5333333333333333,1.591306283227205e-07,7.259903864933035,0.9122807017543859,0.00016698393614534283,0.17927690200040539,0.47,0.85,complete_session,complete_session,267,7.000263575454012,0.7554438860971524,,0.9378587306420232,0.0339654249730118,-0.0355812692509062,101.20738636363645,300.0,-0.3352077849565285,1.1331658291457285
111,0.07086766929326527,0.21,0.0,0.0,0.01078260508379537,108035527985856.0,1.0,,3.682933962013327,0.0,0.00016678341505720672,0.08135630287848616,,0.0,complete_session,complete_session,267,2.138615672394724,1.3735343383584588,,0.8663248715560011,0.0050129413176627,-0.0440257172723742,77.5390625,300.0,0.3270319853234427,-2.78140703517588
112,0.03838665420051869,0.11,0.0,0.0,0.5,318294945492576.0,1.0,,5.079590404222268,0.1111111111111111,0.00010003000900270081,,,0.0,complete_session,complete_session,267,4.9085170319832745,1.1675041876046903,,0.8500171606546285,0.0503466408400773,-0.0924509014053419,89.24278846153845,300.0,-2.820650873414692,2.8729759910664425
113,0.28347067717306107,0.53,0.0,0.0,0.5,29.601061536285673,0.0,0.02771204641998963,3.4023164743891514,0.20238095238095238,0.0006351116459419709,0.08135630287848616,7.66,13.14,complete_session,complete_session,267,3.3687888099700523,1.2224455611390284,,0.8559103847521679,0.0308029180338627,-0.0336218237737094,188.0859375,300.0,0.6540639706468853,-0.7897822445561139
114,0.168310714571505,0.42,0.0,0.0,0.00454004424580868,66.50738256858924,0.0,0.00013656734867416044,3.642330347886448,0.09803921568627451,3.339009649737888e-05,0.10357451929638488,2.56,0.0,complete_session,complete_session,268,3.423172730190463,0.5082077051926299,,0.6282307066045536,0.5382388041739956,-0.0809075064774441,256.1677631578948,300.0,-0.2779771875249261,1.234324777038345
115,38.17405119263889,0.99,0.08381095380339532,139.0,0.15127637000916164,219.01144515017558,0.09636840467617903,0.0021123922566053358,4.610862716627121,0.9906666666666667,0.015053763440860216,0.09163050005105088,1.2,2.15,complete_session,complete_session,268,0.510595931376655,0.3159128978224455,,0.8572779003887654,0.2900004936995761,-0.0549577708774806,134.4346733668342,300.0,-0.0981095955970325,-1.5108877721943046
116,1.0718734980606373,0.94,1.0,1.0,0.0318699556405687,34.38164388106969,0.64,0.06337859926940792,3.0811138488289234,0.47706422018348627,0.0022579449331041686,0.09267457667084147,3.81,8.57,complete_session,complete_session,267,0.4499109891862657,0.5219430485762144,,0.8858461958400529,0.1030977144997399,-0.0288851883496141,206.3145661157025,300.0,-0.4578447794528197,1.2968005764389925
117,4.999123504729088,0.99,1.0,14.0,0.011541313833111203,72.36344110158126,0.3431952662721893,0.0015150250967858351,6.009245230130759,0.978,0.002022549272742921,0.15666353135514194,1.25,2.47,complete_session,complete_session,270,0.5040083577162112,0.631825795644891,,0.9380655053311372,0.0761280659299026,-0.0149695130145079,117.43930785123968,120.0,-0.1962191911940654,0.0
118,3.466610156262226,0.99,1.0,11.0,0.0675678730086822,52.86707090279627,0.4848484848484848,0.007694877642182708,3.544115621423507,0.9071428571428571,0.005393180236604036,0.06254538863466416,3.16,7.96,complete_session,complete_session,270,0.3891014666672365,0.6180904522613064,,0.9367611102386793,0.0951991734304292,-0.0268093396919506,133.84130110732536,160.0,-0.1798675919278931,-0.6867671691792302
119,4.119183277671044,0.99,1.0,8.0,0.17594981544625268,48.50287568177922,0.29813664596273287,0.01435299105058911,2.962917732348796,0.7664233576642335,0.017867695623457434,0.03963741656225013,3.12,5.13,complete_session,complete_session,271,0.3694254199549535,1.4559463986599663,,0.9615421105150204,0.0062164218999755,-0.014440171717359,62.42165114613181,240.0,0.6131849724814551,0.5886575735821966
120,5.040462978483492,0.96,1.0,18.0,0.052663783116597626,43.951204602979914,0.27956989247311825,0.03458575283112987,3.765596019775569,0.776,0.006047584944696427,0.041335984923278425,0.61,1.13,complete_session,complete_session,275,0.4530316199421427,0.7829145728643215,,0.9365562136724526,0.042537699477359,-0.0010292190576446,90.00384221311475,220.0,-0.0245273988992581,0.8633644412538884
121,10.67444268729808,0.98,0.014335674080739935,2.0,0.005239067178086358,87.73776180380295,0.00507936507936508,0.0009748684973267034,5.737011279913994,0.998,0.0014457395861570434,0.13066660103007446,1.07,2.12,complete_session,complete_session,277,0.4781508653060424,1.7855946398659963,,0.9726279079467496,0.0118934554980417,-0.0334685022703423,92.217747511062,120.0,-0.220746590093324,
122,7.6832364792115095,0.98,1.0,32.0,0.5,79.69215552539981,0.6845637583892618,0.000564000326986185,4.913894301246988,0.9906666666666667,0.0006693440428380187,0.0998718213648265,8.08,19.32,complete_session,complete_session,278,0.3916856558056269,1.071356783919598,,0.7380876513614398,0.0510968063437316,-0.0652656140851365,133.6072508640553,280.0,-0.0343383584589615,0.122636994496291
123,8.94704324827474,0.99,0.21886151009240828,17.0,0.5,71.50708191732502,0.4995408631772268,0.0028629348902751684,4.748153670432788,0.988,0.0012417539774932092,0.07090487101905225,2.05,6.75,complete_session,complete_session,279,0.4082264779543529,0.8653266331658291,,0.9517536409821852,0.0323940745834397,-0.0031640000338233,57.214709762533005,300.0,0.1798675919278934,0.1144611948632047
124,2.2707182369383747,0.84,0.0,0.0,0.03704066389057925,98.15109683152986,0.0,8.409166743786827e-06,7.327969313637314,0.9962121212121212,0.00010271158586688578,0.2320660600083961,1.05,3.04,complete_session,complete_session,280,0.4150076134988317,0.4532663316582913,,0.8424759730933563,0.2151199909138691,-0.0513122452432153,186.78376950585172,140.0,-3.63014120251843e-18,0.0
125,33.984000245674586,0.99,0.00490333259900444,7.0,0.004827694662695138,211.05854503598948,0.005603025633842276,2.193613711137816e-09,7.42358550145525,1.0,0.0003475842891901286,0.13402079106146628,1.47,2.71,complete_session,complete_session,281,0.4409281979039162,0.2747068676716919,,0.9695081584896424,0.0536593836917101,-0.0044210054690675,116.3671875,120.0,0.0490547977985164,
126,0.21850864698756792,0.51,0.0,0.0,0.5,55.00009694331988,0.0,0.0005235475777684622,2.2678139030914743,0.044444444444444446,0.001537947174857907,-0.0266273888675233,8.24,0.05,complete_session,complete_session,283,1.51948003208407,1.1949748743718591,,0.8874664174614556,0.0251043007649983,-0.0013064406663037,67.87373310810813,300.0,0.1389885937624632,-0.0686767169179229
127,2.955772373439939,0.79,1.0,9.0,0.14382888056326337,60.64575489251152,0.21621621621621628,0.0029972261060087096,4.59788006396539,0.9596899224806201,0.0008011145942180425,0.08274516471012104,1.99,4.16,complete_session,complete_session,287,0.3058822502379395,0.5768844221105528,,0.9651247664450994,0.0158756753272853,-0.0052817243685208,45.934693113772425,300.0,-0.5232511765175082,1.1721514842382337
128,0.0501979324160629,0.11,0.0,0.0,0.01522250129477206,1277786628883760.0,0.0,,3.46778272361587,0.09523809523809523,6.671336602288268e-05,,,0.0,complete_session,complete_session,288,2.897353451073934,0.5631490787269682,,0.8201528629611631,0.1973675564335105,-0.0724320838058767,124.35661764705884,280.0,-0.1716917922948075,-5.894751535455052
129,3.2067620355202537,0.94,0.0,0.0,0.06597794638301946,67.92122333214421,0.0,0.002868668596931331,4.7585955889693805,0.976,0.0007296402312398271,0.15162372108524322,1.32,4.01,complete_session,complete_session,289,0.3401205971906497,0.5768844221105528,,0.9665342584500244,0.0491084025562468,-0.0121481649735822,106.8758632596685,180.0,-0.3924383823881315,3.8916806253489673
130,0.07677330840103738,0.22,0.0,0.0,0.41997580532412127,711442822695807.8,1.0,,3.7758794783086573,0.2948717948717949,0.0003750736751861973,0.0866635127055839,,0.0,complete_session,complete_session,291,2.368926442139933,0.7554438860971524,,0.7743512069757525,0.4312901220706001,-0.0718261282018494,120.79326923076924,300.0,-0.1175547406703185,-1.637597031358314e-16
131,8.368290615713073,0.99,0.20156960652144862,14.0,0.5,89.47283311084826,0.11563169164882228,0.0017378389162675083,4.976149184693977,0.9946666666666667,0.008492569002123142,0.03321552737319227,1.68,4.93,complete_session,complete_session,291,0.4279190112423179,1.3872696817420436,,0.9635795834622152,0.0296161209117629,-0.0113013236635987,50.6299603174603,300.0,-0.3464771303967285,1.406237536890803
132,0.09153740617046764,0.27,0.0,0.0,0.2664123394197148,251293084901709.2,1.0,,3.1562481016928046,0.047619047619047616,0.0019053349378259125,0.03321552737319227,,0.0,complete_session,complete_session,291,3.0151611715403246,0.8103852596314909,,0.9377315590607694,0.1054032108430764,-0.037894283009388,43.92641129032256,300.0,1.2705192629815742,1.389885937624631
133,6.558212229180923,0.99,0.08151233021034926,4.0,0.5,114.14711423418109,0.10011376564277587,0.0009540700539965838,6.988042662300574,0.9946666666666667,0.008121077888519748,0.10876241718609779,1.56,3.79,complete_session,complete_session,295,0.3632708238215291,1.0850921273031824,,0.9775775572388886,0.0130650995598401,-0.0027570476296034,44.85070850202425,260.0,-0.3316238727886005,0.5396027757836804
134,0.06791484973937922,0.22,0.0,0.0,0.011251414000483856,875764678080800.1,1.0,,3.868900760603931,0.1111111111111111,0.0002003606491685033,,,0.0,complete_session,complete_session,295,2.521456989422368,1.936683417085427,,0.9264069442529276,0.059305460925612,-0.0471075666198734,83.96739130434781,300.0,-0.2493058901815009,-1.007258514796203
135,0.07677330840103738,0.2,0.0,0.0,0.43736180322553925,5100904313582693.0,1.0,,4.222445801600831,0.463768115942029,0.0002672814139186796,0.06856604496843254,,0.0,complete_session,complete_session,295,3.0672470311648103,0.3433835845896148,,0.8433819606496175,0.2867520978627486,-0.0637719362017563,110.96754807692304,300.0,-0.0540946742846651,0.1030150753768845
136,7.8692641111063315,0.99,1.0,61.0,0.5,,1.0719602977667493,0.0,,,,0.11534170156960472,9.59,12.75,complete_session,complete_session,301,0.4409237597523133,1.140033500837521,,0.7905318892281151,0.020779848160546,-0.3141733471760125,101.0079794713161,300.0,0.0112584781832657,0.0686767169179228
137,11.716787989819858,0.99,1.0,82.0,0.5,95.17770389217084,0.7081770442610652,0.03307644070599399,3.1744603055373757,0.9473333333333334,0.04991539763113367,0.06856604496843254,4.59,11.55,complete_session,complete_session,298,0.446724508464399,0.7554438860971523,,0.7662737946685274,0.201696408217733,-0.0431614059823116,120.69367439516128,300.0,0.0801228364042432,0.0408789981654304
138,10.591763739789272,0.99,0.06939844632343317,9.0,0.14668978296867788,89.51940229364007,0.04668611921634015,0.004760019520984657,6.146540458532618,0.9946666666666667,0.0025197984161267097,0.180215412887781,0.6,1.68,complete_session,complete_session,302,0.4182213427461629,0.8103852596314909,,0.9705079098327958,0.0167686224181652,-0.0093479239522948,225.8779264214047,80.0,-0.4807370184254612,
139,2.391783838647703,0.99,0.0,0.0,0.5,48.841426399711544,0.07843137254901963,0.025279841184776455,3.8399184604982213,0.822,0.008663224325874928,0.07891011404911648,2.95,6.19,complete_session,complete_session,305,0.4261457686303319,0.7005025125628142,,0.9712405743616312,0.0185272820082274,-0.0039516044848408,94.94212962962962,140.0,-9.599706735548736e-17,
140,0.06200921063160711,0.17,0.0,0.0,0.5,1090540118900799.9,0.0,,3.7689452416262155,0.13333333333333333,0.0011356045424181698,,,0.0,complete_session,complete_session,302,3.01717919510072,0.4257956448911221,,0.820251830629159,0.3319120689148855,-0.054317940768155,165.0669642857143,300.0,0.1030150753768845,-6.606046103533541
141,5.430235159596451,0.99,1.0,14.0,0.5,65.29934846844037,0.353356890459364,0.02551350708993482,4.455395387023245,0.892,0.013324450366422385,0.07891011404911648,5.02,14.94,complete_session,complete_session,308,0.4734175677534213,0.7279731993299833,,0.932521557266004,0.0408419138724111,-0.0041452531683775,99.3189538043478,220.0,-0.0327031985323441,1.5697535295525245
142,10.69806524372917,0.99,0.3025599856485144,30.0,0.5,100.32179794523546,0.21505376344086025,0.016585141873790597,4.747410104581732,0.992,0.015231400117164616,0.13961056966337562,3.54,8.18,complete_session,complete_session,318,0.4284166724054523,0.7142378559463987,,0.943582385986147,0.0330154564309254,-0.0073540185928862,138.28125,140.0,0.3352077849565285,
143,0.07382048884715132,0.2,0.0,0.0,0.5,1916131563410111.8,0.0,,3.010308509006563,0.08,0.0012071046732195206,0.12431224713859845,,0.0,complete_session,complete_session,318,1.2090707843644202,0.6455611390284757,,0.6918392040993625,0.2021744260028058,-0.0612115075191156,217.40625,300.0,-0.114461194863205,0.0981095955970328
144,6.534589672749835,0.99,0.4298831091744454,13.0,0.5,71.85292002041774,0.290205562273277,0.0049296364968447375,4.922301010387845,0.9793333333333333,0.003246753246753247,0.1124231448915382,3.17,10.43,complete_session,complete_session,322,0.4411802110283004,0.7005025125628142,,0.9323563914915264,0.0408236423928376,-0.009086064191778,127.49936483739832,160.0,-0.0654063970646885,0.0
145,5.598545874167956,0.98,0.23502018437830635,7.0,0.5,65.68224409596752,0.9155080213903742,0.014868623650198164,4.263250828539746,0.96,0.007340241796200345,0.08055155582135277,5.02,16.23,complete_session,complete_session,321,0.4433548669887936,1.0576214405360134,,0.7700719157751978,0.0596035449586219,-0.0597866622761682,130.17454509493672,300.0,-0.0686767169179228,0.1798675919278931
146,1.2962877841559772,0.91,0.0,0.0,0.5,73.02444169044949,0.22636363636363638,0.00039582386625690275,4.134314994442017,0.9689922480620154,0.0007869705057140902,0.0665588225953053,4.75,8.24,complete_session,complete_session,326,0.282217848911145,1.2911222780569511,,0.9721489122577404,0.0044958226854084,-0.0086239823306161,161.40909738041006,60.0,0.6867671691792292,
147,35.52537205280311,0.99,0.005774146099349342,9.0,0.008065077411989698,238.5542777066358,0.007880294572916178,7.650354444968835e-06,6.914597711199192,0.9993333333333333,0.0016501650165016502,0.14129087706490312,1.39,4.79,complete_session,complete_session,326,0.4723760741303814,0.2472361809045226,,0.9431070501822018,0.1086465504519654,-0.018511445918405,216.84496490280776,100.0,0.0588657573582197,
148,0.03838665420051869,0.13,0.0,0.0,0.019906347847011844,300984043820648.06,1.0,,4.914267871608168,0.1111111111111111,0.00020012007204322593,,,0.0,complete_session,complete_session,330,1.6387806068216326,0.6867671691792295,,0.9404514279939654,0.0736980012689669,-0.0205516981370111,120.97355769230768,300.0,2.7172092345786907,-2.09463986599665
149,4.883963542127532,0.96,0.0,0.0,0.01110985926662515,69.10166508280098,0.0,0.01204329332577784,5.458577361318056,0.98,0.009818007662835249,0.11005866817923536,1.02,2.73,complete_session,complete_session,333,0.5241155569873368,2.0877721943048577,,0.9870582243996776,0.0058419565434572,-0.0063758513638368,123.00011336154772,80.0,0.206030150753769,
150,9.930332159718796,0.99,0.3057135507035252,26.0,0.5,168.74832308013603,0.2764059063776311,0.007763608667201491,4.001973673387204,0.9906666666666667,0.024864024864024864,0.11005866817923536,1.16,1.52,complete_session,complete_session,333,0.4058191392553981,0.6867671691792294,,0.9676724318024078,0.0233284980741734,-0.0048440159355381,94.19589774078474,160.0,-0.0343383584589613,
151,0.17126353412539108,0.44,0.0,0.0,0.15841924283542336,72.65078577535363,0.0,7.642889972196133e-05,5.575087033183849,0.7873563218390804,0.00041322314049586776,0.09499463647123042,3.62,0.0,complete_session,complete_session,337,3.714283724827117,0.7279731993299832,,0.9283494761464728,0.0572661641234773,-0.0132569162075561,81.99084051724134,300.0,-0.4006141820212173,-0.008175799633086
152,8.772826894595463,0.99,1.0,130.0,0.5,85.28715353309613,1.0556773345024115,0.0008440293625495409,5.5552222686178965,0.9833333333333333,0.0001807337791433219,0.1006285754098906,5.55,7.84,complete_session,complete_session,340,-1.0,1.1262981574539364,,0.9970610255493052,0.0008386103068335,-0.0001644437101021,89.58990287588296,300.0,0.049054797798516,-0.0490547977985165
153,3.738269555219743,0.98,0.2221825351081223,3.0,0.023415465669572366,88.36113192525286,0.1050328227571116,0.00014133792024562819,7.8655628616646265,0.9952670723461798,0.00017530942112829143,0.16923968097535944,0.8,1.85,complete_session,complete_session,341,0.3786965883447304,2.1976549413735342,,0.9807125787266656,0.012693025419347,-0.019165899071437,62.83323459715638,120.0,-0.1962191911940655,
154,10.030728024550921,0.99,1.0,49.0,0.5,89.15775509577804,0.42003621001810504,0.00019858813766437578,5.141563810819558,0.9993333333333333,0.0006274837900020916,0.1045264392864298,2.63,4.0,complete_session,complete_session,341,0.3911241443842199,0.906532663316583,,0.9571252683444122,0.0073700819871981,-0.0008706111392733,73.68474264705878,300.0,0.3090452261306532,-0.0081757996330859
155,43.29424029907731,0.99,0.11557480995918035,238.0,0.04969994166255207,143.96479851866155,0.12649481796439013,3.25697860370503e-05,7.904265033480197,1.0,0.0009272137227630969,0.11246347333366047,0.75,1.22,complete_session,complete_session,345,0.4232846764579355,1.16750418760469,,0.9788367152674288,0.0269780582553367,-0.0075823598824635,51.57448236196319,160.0,-0.343383584589615,0.0
156,0.05905639107772106,0.16,0.0,0.0,0.012939126100554572,289000202160064.0,1.0,,4.4268265111167935,0.06666666666666667,3.3350008337502086e-05,0.1045264392864298,,0.0,complete_session,complete_session,345,3.3624806929539077,0.6730318257956448,,0.9486800530949828,0.038066971252347,0.0021122299750141,53.7890625,300.0,-0.5804817739491105,0.7783361250697935
157,0.20374454921813764,0.53,0.0,0.0,0.5,51.93414114802062,1.0,0.0003557610013070284,3.017872815049183,0.058823529411764705,0.0001335603859895155,-0.0027811089783403554,10.35,18.01,complete_session,complete_session,349,2.367297076759857,0.8515912897822445,,0.9617086098854284,0.0492611991564754,-0.0188448748366664,64.63994565217388,300.0,0.0408789981654303,0.5951982132886654
158,9.720681971392887,0.99,0.21784756208027,20.0,0.5,93.4431897095506,0.17224880382775118,0.0002458542545827534,5.6571095867139505,0.9966666666666667,0.0007077140835102619,0.09681143152774374,1.19,1.72,complete_session,complete_session,351,0.4107650914193942,0.9889447236180902,,0.9774213108610404,0.0122799852129834,-0.0083288592208014,58.331751215066845,180.0,0.2747068676716916,7.554438860971524
159,0.02066973687720237,0.07,0.0,0.0,0.5,290595543475328.0,1.0,,6.862439168673467,0.0,0.0,,,0.0,complete_session,complete_session,349,4.932465448171376,0.0824120603015073,,0.9176289874813448,0.0797551205332644,-0.026687026326751,100.4464285714286,300.0,-3.221265055435909,2.6669458403126747
160,0.06496203018549317,0.19,0.0,0.0,0.011762841909595548,349658642059520.0,0.0,,4.473464908224598,0.2,0.00010005002501250626,-0.0027811089783403554,,0.0,complete_session,complete_session,351,1.577894140919409,0.8241206030150754,,0.8859035668385163,0.0473149686370281,-0.0504353698872295,109.83664772727276,300.0,0.1945840312674484,0.8339315625747786
161,0.3691024442357566,0.7,0.0,0.0,0.5,45.794298678578855,0.0,0.002006079279311273,4.101268454663894,0.6,0.00010035122930255896,0.05316644494014492,4.78,8.91,complete_session,complete_session,353,1.4921538286571836,1.9641541038525965,,0.9508781569299076,0.0625771950869889,-0.3237037229618689,101.77499999999998,240.0,-0.3433835845896149,3.7674084709260582
162,4.001070495515601,0.98,0.0,0.0,0.22294072321823358,59.466048530080855,0.01616161616161616,0.009804116908127816,5.029802293446455,0.8416013925152306,0.004055318706457315,0.04695965279055982,3.01,6.95,complete_session,complete_session,355,0.351822064179402,1.5795644891122276,,0.977987604282058,0.0048583280564054,-0.0045796276664536,45.582134955752224,300.0,1.03832655340193,-0.3236991752819297
163,19.515184431632925,0.99,0.08552479690469139,37.0,0.4588390813604322,77.95271770429673,0.10793980280228335,0.09127506361636496,3.3684346983644504,0.7946666666666666,0.07175925925925926,0.023872716523553408,1.73,4.88,complete_session,complete_session,357,0.4749543692232864,1.071356783919598,,0.9860903811384316,0.0154358058345806,-0.0084133338589226,84.5858134920635,100.0,-0.274706867671692,
164,11.68430697472711,0.99,1.0,59.0,0.5,66.12128106801129,0.42775077330976585,0.009713624787897583,4.263669036838573,0.976,0.008874967371443488,0.09953187919411753,2.48,6.03,complete_session,complete_session,365,0.4753698640000876,0.7279731993299833,,0.8523882025050359,0.219211429521666,-0.0066169344559954,90.83570075757576,280.0,-0.0735821966977746,-0.0343383584589615
165,3.3721199305378726,0.98,1.0,7.0,0.5,43.352228656008926,0.6327683615819211,0.034863496312184515,2.5385384466694703,0.724,0.04195804195804196,0.019861990977718565,3.39,9.09,complete_session,complete_session,367,0.3347372728186471,0.7829145728643215,,0.969026449024542,0.0046555551160634,-0.0064002643189345,58.88107486865147,160.0,-0.6279014118210102,1.3048576214405367
166,0.6939125951632225,0.86,0.0,0.0,0.5,30.744649383023642,0.0,0.030509922598013807,2.737313056622945,0.3861236802413273,0.006306029928077172,0.019861990977718565,11.35,17.75,complete_session,complete_session,369,0.4407875885206213,0.8103852596314908,,0.960013000963369,0.0300006646465075,-0.012894640759201,76.38630319148939,280.0,-0.6121185638336609,-0.8686676626375117
167,0.9537607159051951,0.96,1.0,1.0,0.5,23.508882055756267,0.7619047619047619,0.029129679921306665,2.226031193173875,0.32714138286893707,0.027186201819424726,0.023245749243708248,12.01,29.59,complete_session,complete_session,372,0.2444501726248671,0.6318257956448913,,0.9720780344604592,0.0204053196906643,-0.0101282054005189,74.42676083591334,220.0,-0.5669821978107592,0.4414931801866475
168,11.321110169599127,0.99,1.0,271.0,0.5,,1.6765090148941728,0.0,,,,0.1006285754098906,8.03,0.96,complete_session,complete_session,373,0.4417576877252045,0.9340033500837522,,0.7701038638248285,0.0551530736409757,-0.5246783261175688,96.36502867570384,300.0,-0.3194265903159212,-0.0874067306228107
169,7.225549448359172,0.99,1.0,32.0,0.5,,0.4720306513409962,0.0,,,,0.025657663098170195,12.31,23.46,complete_session,complete_session,22,0.4058650632228092,1.0438860971524289,,0.825514693654196,0.0340889959899795,-0.3730316698950816,82.95323988970586,280.0,1.978426955372544e-16,-0.0801228364042434
170,1.2579011299554586,0.89,0.0,0.0,0.5,125.41253645403972,0.0,0.0009380293128839674,7.2315003462274685,0.9812206572769953,0.0038044512079132586,0.08600359471352553,5.78,13.01,complete_session,complete_session,78,0.3952226216266575,0.6043551088777218,,0.9177250321848544,0.1162773803207973,-0.0358682284138519,87.0818661971831,300.0,-0.1030150753768845,-0.2616255882587541
171,0.28347067717306107,0.54,0.0,0.0,0.5,,0.0,0.0,,,,0.035706494008857635,22.94,21.62,complete_session,complete_session,92,5.430484595574513,0.8241206030150754,,0.8978319513547693,0.0754203159968956,-0.028631603207283,71.240234375,300.0,0.8584589614740366,-5.101698971045704
172,0.6584787605165898,0.83,1.0,2.0,0.5,43.80529597855456,2.2857142857142856,0.05108996068415847,1.416451441550781,0.17040358744394618,0.019233320068974664,0.024173182956893625,23.12,48.88,complete_session,complete_session,155,2.436368683119796,0.7279731993299831,,0.8793397730778675,0.0829682070272364,-0.0349990941829155,62.42993273542601,300.0,0.2616255882587543,-0.439283504610138
173,1.452787220511938,0.89,1.0,5.0,0.308536224846208,42.02498762402033,0.32748538011695905,0.15680099439797354,3.0956591824018544,0.6449864498644986,0.028169014084507043,0.04964502361202432,5.42,14.74,complete_session,complete_session,155,0.2748569043473738,0.5219430485762143,,0.837197429350439,0.2125803576732574,-0.0271155675892199,83.0935594512195,260.0,0.4169657812873892,-0.0511876150941038
174,1.5768056417751524,0.79,0.0,0.0,0.038410397713332114,56.210078280362154,0.0,0.035684297558936054,3.5361246504525794,0.774,0.037717309145880576,0.05656896316693737,4.01,4.57,complete_session,complete_session,155,0.2847233177986269,0.5768844221105526,,0.8753488696020355,0.1560700545911418,-0.0263850216966477,93.22770365168545,200.0,0.1962191911940658,-1.1773151471643937
175,2.007917296642516,0.81,1.0,3.0,0.04586910152333444,89.518407260415,0.0933852140077821,0.008197418867355352,4.4829129853104455,0.9526666666666667,0.029411764705882353,0.07114427187355579,5.15,15.53,complete_session,complete_session,182,0.3878079063210882,0.6867671691792294,,0.9041781880623464,0.0614688398626016,-0.0082963338680231,70.078125,260.0,0.4414931801866472,0.7767009651431763
176,8.05824456255504,0.99,0.0,0.0,0.017116431295975038,201.10463253542974,0.020533880903490762,0.008936383861680155,6.105954898802581,0.9926666666666667,0.033932135728542916,0.07588926858222114,1.43,2.66,complete_session,complete_session,170,0.4271130874907307,0.4807370184254607,,0.9591124102630056,0.0403819753080948,-0.0112180771341988,126.25600961538464,100.0,-0.4709260588657569,
177,1.455740040065824,0.79,1.0,2.0,0.02345435901494381,29.786492181921083,0.11173184357541899,0.1690583633871175,2.8269051919004684,0.7106152805949966,0.006314681634800912,0.11410154180368227,2.62,6.01,complete_session,complete_session,186,0.2997627188759276,0.5494137353433837,,0.8770483732686267,0.1327900546823326,-0.0137867102036372,122.37417596348882,180.0,0.1667863125149559,0.4120603015075373
178,1.393730829434217,0.57,0.0,0.0,0.0005482680551082429,75.96662157021328,0.0,0.0012142931970672904,5.530744698115224,0.980225988700565,0.0005335303291471722,0.1342656837054066,1.77,3.11,complete_session,complete_session,195,0.3249977861376037,0.6043551088777218,,0.8520044455816113,0.1674975423271797,-0.0348717281006736,177.8022378177966,140.0,-0.0981095955970328,0.0
179,2.8110842152995223,0.92,1.0,11.0,0.09761803886328227,71.37105172868465,0.37122969837587017,0.014500288263217163,4.510039955491923,0.872,0.016821727281270557,0.01259091408184435,7.25,9.96,complete_session,complete_session,211,0.3991316259386409,0.6180904522613064,,0.93465658956132,0.0549967858847903,-0.0166008425947878,93.6342896533613,160.0,0.0588657573582195,-0.7554438860971522
180,0.29823477494249134,0.55,0.0,0.0,0.16577322620315593,62.591363008638126,0.0,0.001146253503803448,1.865568604420773,0.2958801498127341,0.007903676050179935,0.003487230658347239,4.19,8.36,complete_session,complete_session,213,2.303037801506418,0.9065326633165828,,0.9536287841372888,0.0242486453225333,-0.0165862040954043,85.95297029702971,280.0,0.4660205790859056,0.070570059990848
181,1.6949184239305943,0.86,1.0,2.0,0.06539472407016704,44.93418269996349,0.10126582278481013,0.04157775399828253,2.7564036972850023,0.7813333333333333,0.011879356949779485,0.003487230658347239,5.93,9.23,complete_session,complete_session,218,0.2931845720964199,0.4944723618090452,,0.8003519681634608,0.30001556407718,-0.0544756561307802,130.28228440766554,160.0,0.1177315147164392,0.4120603015075373
182,4.987312226513543,0.99,1.0,15.0,0.14989004481648602,42.87876830029651,0.30985915492957744,0.05800851719604626,3.2136523343782164,0.858,0.013267902580879681,0.038081972557854164,7.19,18.42,complete_session,complete_session,221,0.4229327153205974,0.4944723618090452,,0.8836358136511511,0.1519345075283068,-0.0315050100627749,120.17474112426032,200.0,-0.1633076920341265,0.3433835845896137
183,3.2510543288285443,0.97,1.0,7.0,0.5,62.08375675919186,0.3246376811594203,0.0072445269684863105,2.8012989616812587,0.8498789346246973,0.00674524529745141,0.06394070028265333,3.12,9.96,complete_session,complete_session,227,-1.0,0.8103852596314907,,0.9932980640838246,0.0050285076772096,-0.0034750193540822,144.07044010889297,200.0,0.1471643933955493,-0.6867671691792302
184,3.227431772397456,0.97,1.0,6.0,0.19025754109447962,53.17420303579248,0.2608695652173913,0.008296040276331913,3.520039661944128,0.888,0.006128007262823422,0.056488290304098465,1.32,2.03,complete_session,complete_session,229,0.3008576551946059,0.5219430485762144,,0.8316053985785242,0.2119358262670583,-0.0486000352884411,132.60397623400365,140.0,-0.2158411103134721,-0.3433835845896151
185,5.669413543461221,0.99,0.3431890663247343,9.0,0.015237810123893991,74.38190437358669,0.14049586776859502,0.0052491851656217905,4.769506081983275,0.944,0.011653370874393868,0.02486003084073801,1.35,1.91,complete_session,complete_session,233,0.4550224493814025,0.4120603015075377,,0.8732678166540314,0.2243846072937773,-0.0409852832242784,149.7607421875,140.0,0.2747068676716916,4.2351647362715025e-18
186,0.6437146627471595,0.87,1.0,1.0,0.5,49.74042951749658,0.5714285714285714,0.006132332584946902,2.363800907197873,0.3333333333333333,0.004883141375362026,0.017039051466631427,10.32,24.51,complete_session,complete_session,233,2.1761924613050168,0.5082077051926298,,0.8693540806332566,0.1701914403341698,-0.0391900721451579,122.11152522935782,160.0,0.1226369944962911,-0.3433835845896151
187,4.130994555886588,0.96,1.0,9.0,0.08101888441663181,63.089792184972815,0.18626309662398136,0.011246932353762921,3.848651947777923,0.8873333333333333,0.009989355604683534,0.03618027558371686,1.3,3.47,complete_session,complete_session,240,0.4147641295493942,0.4807370184254605,,0.8916406020905983,0.150527520097071,-0.0186959130216072,164.6886160714286,160.0,-0.1226369944962906,0.6867671691792274
188,1.3169575210331796,0.8,1.0,1.0,0.04826446846926146,52.23203348914994,0.0816326530612245,0.004271849914681041,4.846903382020893,0.8836805555555556,0.0006797172376291463,0.03787541947550918,5.73,12.07,complete_session,complete_session,243,0.3913999595073447,0.5219430485762144,,0.8892255091021927,0.1371877195971318,-0.0313019993155241,157.72491591928252,140.0,-0.1765972720746592,-1.030150753768844
189,2.79041447842232,0.89,1.0,3.0,0.08272743197485732,83.71261919384227,0.11428571428571428,0.0004074411579722345,4.957888924036475,0.9722222222222222,0.002571587433972755,0.013443274446586252,1.9,3.92,complete_session,complete_session,243,0.465625433415102,0.3708542713567839,,0.9548749775441312,0.0592742236707446,-0.0236609200816179,150.69940476190482,100.0,-0.1373534338358459,
190,3.342591734999012,0.87,0.1745807290348519,2.0,0.0002286064682076682,71.61576173640515,0.030389363722697058,0.002131025215881804,4.23369771248642,0.9691943127962085,0.001113663256072945,0.09297983253383331,2.59,3.45,complete_session,complete_session,249,0.4727205366048004,0.6592964824120602,,0.8596775905609787,0.1465465614472103,-0.0309417450867646,228.92971510600705,140.0,0.0245273988992581,-0.6867671691792302
191,2.0285870335197185,0.59,0.0,0.0,0.00037698286480312515,86.07612842199457,0.0,0.00010473640487984542,6.987682793429029,0.9922480620155039,0.00020529665366454526,0.1456125839642905,2.89,4.9,complete_session,complete_session,248,0.5990429214419493,0.631825795644891,,0.927068837340232,0.0441048394550697,-0.0173072364901562,351.35780567685595,100.0,-0.3531945441493179,
192,1.6033810177601269,0.77,0.0,0.0,0.014986800021490644,47.75433630063171,0.029629629629629634,0.011756601720537488,4.039881535903618,0.8977591036414566,0.004374912501749965,0.07929577221391151,1.17,2.08,complete_session,complete_session,255,0.5160440615403504,0.5219430485762144,,0.6912087204335337,0.4180774874114823,-0.0647517440609904,149.20148480662982,200.0,0.0654063970646883,0.2060301507537682
193,3.5374778255554915,0.97,1.0,10.0,0.37722635486712874,57.67310546033602,0.2956120092378753,0.008350086380215713,2.39690872499441,0.8953333333333333,0.015600720989495928,0.04102618773030168,8.02,15.56,complete_session,complete_session,255,0.399305264181669,0.4532663316582914,,0.8077535202517334,0.232338680291278,-0.0476945442775808,111.15009390651085,200.0,0.0,3.571189279731993
194,0.9891945505518277,0.7,0.0,0.0,0.028927363587654048,63.2883153436232,0.0,0.0014745551707534268,5.349066398530424,0.9242424242424242,0.00125542888165038,0.034422872936151275,3.72,8.17,complete_session,complete_session,254,0.359485484190503,0.631825795644891,,0.935703078612564,0.0260498377875446,-0.0311354521555397,62.02192164179104,300.0,0.3324478016409009,1.2999521416606843
195,0.4694983090678824,0.61,0.0,0.0,0.5,59.72497019537912,0.8888888888888888,0.0013789215951538077,3.376328239941222,0.6031746031746031,0.002319483662767245,0.018565494587391724,4.56,10.84,complete_session,complete_session,254,2.844526344797885,0.934003350083752,,0.9049368805613592,0.0668897451516666,-0.0628001869903634,89.19516509433959,300.0,0.0174972527179421,1.1691393475313072
196,0.4163475570979335,0.68,0.0,0.0,0.5,51.931617251463635,0.0,0.0011068062933561073,2.248719954599601,0.5625,0.002616747181964573,0.008035179847556423,5.7,9.95,complete_session,complete_session,259,3.354529300380203,0.7554438860971524,,0.9227696601126788,0.0943453360825695,-0.0235506911079723,126.74534574468088,280.0,0.022892238972641,2.6980138789184016
197,7.830877456905813,0.97,1.0,26.0,0.5,65.57361053538624,0.7456790123456791,0.00805877537907854,3.582914594210253,0.9486666666666667,0.011443337024732374,0.05854364651917121,2.36,3.31,complete_session,complete_session,259,0.4310686045162849,0.6867671691792294,,0.963063647139855,0.0256069521383766,-0.0107318499596904,48.887337386877846,300.0,-0.3891680625348966,1.0546781526681026
198,3.9833535781922853,0.99,1.0,14.0,0.5,50.17793299181971,0.45315904139433544,0.007862575465154294,2.4503568784553655,0.8639291465378421,0.005633215105361986,0.03290263451591806,3.24,10.52,complete_session,complete_session,264,-1.0,0.4257956448911223,,0.995559603754778,0.0040796299914305,-0.0028876471793857,143.17708333333331,140.0,-0.3597351838557868,
199,7.266888922113576,0.99,1.0,43.0,0.15290951184514795,54.10927293618305,0.5213193885760257,0.021832486100631397,3.5443652564712225,0.8153333333333334,0.012750746905676484,0.007021433441233763,2.1,5.76,complete_session,complete_session,267,0.4343070923594597,0.4395309882747067,,0.940260412433864,0.0477157984585299,-0.014738341439528,122.23469853836788,140.0,-0.4414931801866475,
200,0.4694983090678824,0.69,0.0,0.0,0.5,34.78717470605841,0.0,0.008946664857223237,2.38843266870797,0.14184397163120568,0.0024783147459727386,-0.003155636210735752,7.76,15.15,complete_session,complete_session,267,2.417002317440552,0.7142378559463985,,0.9174582508540516,0.0591429459025659,-0.0047755945397311,94.56073113207545,300.0,-0.2289223897264098,1.2135109202972794
201,0.2126030078797958,0.52,1.0,1.0,0.5,47.42267054241053,19.919999999999998,0.0008423916650056187,3.1150337076368912,0.17333333333333334,0.0013032581453634084,0.06254538863466416,7.92,20.69,complete_session,complete_session,270,3.9206737075183695,1.332328308207705,,0.940782738067016,0.0131593717044852,-0.0100719784660549,127.73437500000006,180.0,0.9565685570710696,-3.0904522613065324
202,1.9577193642264532,0.88,1.0,2.0,0.000390320546019775,37.60606187685178,0.08421052631578949,0.025855471405882763,4.223354414722312,0.7863247863247863,0.00135985041645419,0.07044887027959354,2.61,4.54,complete_session,complete_session,271,0.4411886641017583,0.7417085427135679,,0.9257304303249576,0.0695276652142966,-0.0112936305810025,122.10124434389144,180.0,-0.2207465900933237,3.296482412060301
203,4.6654548951399635,0.99,1.0,11.0,0.5,55.22230483885539,0.7132530120481928,0.010116344010722613,2.705426182081572,0.7546494992846924,0.01643241731347458,0.04547141630949015,2.55,6.69,complete_session,complete_session,271,0.3686962067499474,0.6730318257956448,,0.9367751526314084,0.056432784288125,-0.0124663902007897,47.38528481012656,300.0,-0.1716917922948075,0.7668900055834731
204,4.435134969936851,0.99,0.28699167967108463,5.0,0.5,59.529815698321734,0.3485477178423237,0.007869833391988225,2.1447902623271164,0.8141414141414142,0.017219007539891286,0.041335984923278425,3.16,6.13,complete_session,complete_session,275,0.3559596043804671,0.7417085427135679,,0.9473143502150878,0.0406815221594503,-0.0206357293518629,62.78503661784288,280.0,0.0081757996330861,0.245273988992582
205,7.943084599953482,0.98,0.02620546482605346,2.0,0.0672548084922208,86.8241018851546,0.4811237928007023,0.0036178090179688083,5.332054842562542,0.9733333333333334,0.00643597459043798,-0.0266273888675233,1.03,3.21,complete_session,complete_session,283,0.4754575288337592,0.6867671691792293,,0.9469720419181714,0.0440520999963653,-0.0121474610934954,56.239548494983296,300.0,-0.0817579963308607,-0.4006141820212172
206,1.1368355282461304,0.61,0.0,0.0,0.07535970085851436,51.465469439502776,0.0,0.0034984542008736756,3.8315377863865114,0.80083857442348,0.002303288961148935,0.04480718201819322,4.52,11.79,complete_session,complete_session,283,0.3178203098206565,1.6619765494137353,,0.94794309695606,0.0310654693865049,-0.0078675589048841,90.5783279220779,300.0,-0.0245273988992582,1.278757552802939
207,10.656725769974765,0.99,0.014384086616159086,2.0,7.170477196205945e-05,155.75543002138826,0.014484463619176886,3.553199901660317e-05,7.416959366224929,1.0,0.0012263919548687761,0.1768337172415492,0.85,2.54,complete_session,complete_session,288,0.4153649339992506,0.4944723618090451,,0.9307229014339808,0.0588136850512421,-0.0030793781186443,120.53571428571428,120.0,-0.1471643933955488,
208,3.1979035768585953,0.89,0.0,0.0,0.00023894969714782332,94.67760981222428,0.0,0.0008036357502432881,7.113191842039608,0.9926666666666667,0.000727802037845706,0.0665588225953053,2.15,3.53,complete_session,complete_session,326,0.365662948835799,0.5906197654941374,,0.9664710313080496,0.0368703198492732,-0.0082482107127372,234.21500230627305,60.0,0.4120603015075373,
209,3.383931208753417,0.92,0.0,0.0,0.03949254955966773,83.84384532977222,0.0,0.00026779983841157486,6.529496951494638,0.9853333333333333,0.0022988505747126436,0.16422462053126466,1.49,4.29,complete_session,complete_session,330,0.3480770966173434,1.8268006700167505,,0.9834332842989996,0.0131681827209047,-0.1512460019263876,157.2684882198953,100.0,0.2876997600615688,
210,0.1063015039398979,0.25,0.0,0.0,0.5,383.20313470906234,1.0,0.0,3.2423375380300734,0.1111111111111111,0.0007012622720897616,,,0.0,complete_session,complete_session,331,3.311310079807104,2.3075376884422107,,0.9536375126328324,0.0240740019114215,-0.0520200968112237,45.247395833333314,300.0,-0.3548297040759354,-1.847730717077451
211,30.003599487036183,0.99,0.020076658905819722,22.0,0.11271012574115467,119.95045449629002,0.02462526766595289,0.00015368796734489904,6.25168444871809,1.0,0.00408997955010225,0.0003133592142587691,3.75,5.35,complete_session,complete_session,349,0.4173281399826823,0.7279731993299833,,0.9842774124096592,0.0245072716292824,-0.0017405725252077,46.54778814935065,160.0,-0.1765972720746592,3.5025125628140703
212,0.12401842126321422,0.33,0.0,0.0,0.5,138.69434105487335,1.0,1.0026140716014418e-05,3.3226740338158303,0.014492753623188406,0.0007684340650162039,-0.02847575672034951,,0.0,complete_session,complete_session,355,1.2631012725250954,1.7306532663316585,,0.9397335463266832,0.0392025098339645,-0.0153346442069661,88.11383928571433,300.0,0.5150753768844221,-0.2518146286990508
213,19.57128800315676,0.99,0.07251210151957976,32.0,0.5,81.39981534231217,0.07720297421294098,0.0857702005183306,2.334820416741176,0.8133333333333334,0.1045828437132785,0.023872716523553408,1.34,3.6,complete_session,complete_session,359,0.4575573647930613,0.8103852596314907,,0.975527726315549,0.0358348766087601,-0.004285397881444,72.80474524815202,220.0,-0.160245672808487,-1.3735343383584586
214,6.286552830223407,0.99,1.0,13.0,0.5,67.59784670760914,0.2686131386861314,0.03468192527865819,3.512575495693723,0.8706666666666667,0.034471218206157964,0.04089224342706538,3.15,7.09,complete_session,complete_session,369,0.3780622244370135,0.6592964824120603,,0.9521140368365733,0.0413840911287467,-0.0025645500453664,79.9713908450704,140.0,-0.2256520698731756,0.0
215,8.365337796159189,0.99,0.35884627366626615,20.0,0.15007000132635337,76.42818141364441,0.33745304559180966,0.031212970743641315,4.19812901061592,0.94,0.06132542037586548,0.023245749243708248,5.42,11.43,complete_session,complete_session,372,0.465115265040912,1.2087102177554438,,0.9832875940918648,0.0112536898234462,-0.0085878187870528,98.37549603174608,80.0,-0.137353433835846,
216,0.558082895684464,0.67,0.0,0.0,0.5,56.33615546092331,0.38095238095238093,0.003954901784279553,3.0144913839990917,0.5983935742971888,0.008711273811944953,0.015578090438995919,4.58,8.88,complete_session,complete_session,215,2.578385063337273,0.6043551088777219,,0.9427264868136226,0.0628122303780532,-0.0114243573524263,62.92162698412699,200.0,-0.0784876764776262,-0.2354630294328789
217,1.449834400958052,0.71,1.0,1.0,0.029684186716959247,66.73081155094557,0.037037037037037035,0.0012341271590902859,2.4772283120465355,0.8236914600550964,0.0033066774639808347,-0.012868964043020133,3.45,8.95,complete_session,complete_session,259,0.4051392255725248,0.5356783919597988,,0.9528116697182032,0.0534867543398069,-0.0071533508054307,125.69851069246435,180.0,-9.599706735548738e-17,0.6867671691792302
218,0.3100460531580356,0.59,0.0,0.0,0.5,46.74483745285297,0.0,0.001597216135523753,2.227286411176387,0.3125,0.0020766345123258306,-0.012868964043020133,10.34,16.44,complete_session,complete_session,259,4.098180885260549,0.4670016750418759,,0.9223215881785816,0.116258208420869,-0.0312944662936371,154.8214285714286,300.0,0.1487995533221662,0.8012283640424342
219,0.9803360918901696,0.85,1.0,1.0,0.23508398961195479,30.83783186093304,0.1568627450980392,0.05302298874939817,2.224207326071731,0.29874213836477986,0.0038070210902230307,0.06813954659578503,5.03,5.79,complete_session,complete_session,264,-1.0,0.5768844221105528,,0.9950164709119864,0.0029895714826678,-0.0006988354817865,148.67281626506025,120.0,-0.2207465900933234,
220,1.1899862802160794,0.92,1.0,3.0,0.5,37.673295961032245,1.3658536585365855,0.014833254418409485,2.8039869253812437,0.4490358126721763,0.004555116914667477,0.001153206137700079,8.32,20.42,complete_session,complete_session,267,0.4001031686362353,1.4422110552763816,,0.9498303735042838,0.0309923075361439,-0.0005052946354433,58.69261786600498,300.0,-0.4169657812873893,0.0457844779452819
221,2.2028033871989954,0.98,1.0,8.0,0.08537326745892228,36.489031092890045,0.9824561403508771,0.028883958616793347,2.8728901745593274,0.34393939393939393,0.008350374914792093,0.03963741656225013,8.08,17.28,complete_session,complete_session,271,0.3956995735323422,1.4696817420435513,,0.9311681323623254,0.0528611733890607,-0.0129808648922554,68.85472520107237,300.0,-0.130812794129377,0.93858179787828
222,3.57586447975601,0.98,1.0,10.0,0.21634370823179946,45.567456190182554,0.38775510204081637,0.01993455324487484,2.6623505122166837,0.7276524644945698,0.011769607332569524,0.056132063753357817,2.52,4.94,complete_session,complete_session,275,0.2964827572055691,0.7691792294807371,,0.9417182817668772,0.0328174524791524,-0.0122002108158546,99.7021967821782,160.0,6.050235337530717e-19,1.373534338358459
223,8.93227915050531,0.99,0.25855932045736923,19.0,0.12682649355869524,77.16452011706477,0.1650548033526757,0.006926326661974466,4.427382430552894,0.9406666666666667,0.013089215450092347,0.007164577391830822,1.53,4.5,complete_session,complete_session,355,0.3857518361443608,0.9065326633165828,,0.9633467834240822,0.0202955400878263,-0.0068668874198828,95.12466974900929,140.0,-0.1226369944962906,
224,0.28347067717306107,0.58,0.0,0.0,0.5,64.39858796902527,0.0,0.00039144024338125385,2.5475777462317204,0.07407407407407407,0.002005414619472576,-0.02847575672034951,12.49,23.17,complete_session,complete_session,355,1.075841334044062,0.7966499162479062,,0.954322841036394,0.0271017204010099,-0.0073808478688966,76.025390625,300.0,0.0245273988992584,1.2132886655499722
225,0.12401842126321422,0.3,0.0,0.0,0.30729574275251087,,0.0,,3.383050860529044,0.11904761904761904,0.0006676013084985647,0.0018348951012729844,2.02,0.0,complete_session,complete_session,355,1.0910735202276307,0.5356783919597988,,0.9408859885714772,0.0373680866400691,-0.0417826800458825,71.03794642857144,300.0,0.3270319853234426,-0.2289223897264099
226,3.339638915445126,0.92,1.0,4.0,0.054820416369471485,62.59183808281303,0.08333333333333333,0.004555990263688373,3.2324916411609923,0.8741935483870967,0.004196766425868593,0.03290263451591806,3.04,3.98,complete_session,complete_session,264,-1.0,0.3708542713567841,,0.9959059667871142,0.0046000013898417,-0.0025476806393318,183.69865282685515,100.0,-0.2747068676716914,
